t,sterile,allow_tregs_to_do_their_job,allow_tregs_to_suppress_cognate,randomize_tregs,epithelial_healthy,epithelial_inj_1,epithelial_inj_2,epithelial_inj_3,epithelial_inj_4,epithelial_inj_5,phagocyte_M0,phagocyte_M1_L_0,phagocyte_M1_L_1,phagocyte_M1_L_2,phagocyte_M1_L_3,phagocyte_M1_L_4,phagocyte_M1_L_5,phagocyte_M2_L_0,phagocyte_M2_L_1,phagocyte_M2_L_2,phagocyte_M2_L_3,phagocyte_M2_L_4,phagocyte_M2_L_5,commensal,pathogen,treg_resting,treg_active,C_ROS,C_Mac,C_M1,C_M2,P_ROS,P_Mac,P_M1,P_M2
0,0,1,False,1,17,7,1,0,0,0,205,0,0,14,0,0,0,0,0,0,0,0,0,31,16,208,11,0,1,2,0,0,0,2,0
1,0,1,False,1,22,2,1,0,0,0,204,0,0,1,14,0,0,0,0,0,0,0,0,37,18,208,11,0,2,3,0,0,0,2,0
2,0,1,False,1,22,2,1,0,0,0,204,0,0,0,1,14,0,0,0,0,0,0,0,41,18,208,11,1,2,3,0,0,0,2,0
3,0,1,False,1,23,1,1,0,0,0,204,0,0,0,0,1,14,0,0,0,0,0,0,36,9,207,12,6,6,4,0,7,1,3,0
4,0,1,False,1,24,1,0,0,0,0,204,0,0,0,0,0,1,0,0,0,0,0,0,35,7,207,12,9,9,4,0,9,1,3,0
5,0,1,False,1,24,1,0,0,0,0,204,0,0,0,0,0,0,0,0,0,0,0,0,32,5,204,15,16,10,4,0,10,1,4,0
6,0,1,False,1,23,2,0,0,0,0,204,0,0,0,0,0,0,0,0,0,0,0,0,31,5,201,18,21,11,4,0,10,1,4,0
7,0,1,False,1,24,1,0,0,0,0,204,0,0,0,0,0,0,0,0,0,0,0,0,30,5,200,19,26,12,4,0,10,1,4,0
8,0,1,False,1,23,1,1,0,0,0,204,0,0,0,0,0,0,0,0,0,0,0,0,30,3,200,19,31,12,4,0,11,2,4,0
9,0,1,False,1,23,0,2,0,0,0,204,0,0,0,0,0,0,0,0,0,0,0,0,32,2,200,19,34,12,4,0,12,2,4,0
10,0,1,False,1,23,1,0,1,0,0,204,0,0,0,0,0,0,0,0,0,0,0,0,31,2,200,19,39,13,4,0,12,2,4,0
11,0,1,False,1,24,0,0,0,1,0,204,0,0,0,0,0,0,0,0,0,0,0,0,31,2,199,20,41,16,4,0,12,2,4,0
12,0,1,False,1,24,0,0,0,1,0,204,0,0,0,0,0,0,0,0,0,0,0,0,29,2,199,20,45,19,4,0,12,2,4,0
13,0,1,False,1,24,0,0,0,0,1,211,0,0,0,0,0,0,0,0,0,0,0,0,27,2,199,20,48,23,4,0,12,2,4,0
14,0,1,False,1,24,0,0,0,0,1,212,0,0,0,0,0,0,0,0,0,0,0,0,26,2,199,20,54,23,4,0,12,2,4,0
15,0,1,False,1,24,0,0,0,0,1,213,0,0,0,0,0,0,0,0,0,0,0,0,28,2,206,13,56,24,4,0,12,2,4,0
16,0,1,False,1,24,0,0,0,0,1,214,0,0,0,0,0,0,0,0,0,0,0,0,26,2,206,13,57,30,4,0,12,2,4,0
17,0,1,False,1,24,0,0,0,0,1,215,0,0,0,0,0,0,0,0,0,0,0,0,26,2,206,13,60,32,4,0,12,2,4,0
18,0,1,False,1,24,0,0,0,0,1,215,0,0,0,0,0,0,0,0,0,0,0,0,29,1,206,13,62,32,4,0,13,2,4,0
19,0,1,False,1,24,0,0,0,1,0,215,0,0,0,0,0,0,0,0,0,0,0,0,30,1,206,13,64,34,4,0,13,2,4,0
20,0,1,False,1,24,0,0,1,0,0,215,0,0,0,0,0,0,0,0,0,0,0,0,31,1,207,12,66,36,4,0,13,2,4,0
21,0,1,False,1,24,0,0,1,0,0,215,0,0,0,0,0,0,0,0,0,0,0,0,32,1,209,10,70,36,4,0,13,2,4,0
22,0,1,False,1,24,0,1,0,0,0,215,0,0,0,0,0,0,0,0,0,0,0,0,36,1,211,8,70,37,4,0,13,2,4,0
23,0,1,False,1,24,0,1,0,0,0,209,0,0,6,0,0,0,0,0,0,0,0,0,39,1,212,7,72,37,4,0,13,2,4,0
24,0,1,False,1,24,1,0,0,0,0,209,0,0,0,6,0,0,0,0,0,0,0,0,40,1,214,5,74,38,5,0,13,2,4,0
25,0,1,False,1,24,1,0,0,0,0,209,0,0,1,0,6,0,0,0,0,0,0,0,37,1,212,7,80,40,5,0,13,2,4,0
26,0,1,False,1,24,1,0,0,0,0,212,0,0,0,1,0,6,0,0,0,0,0,0,38,1,213,6,82,42,5,0,13,2,4,0
27,0,1,False,1,24,1,0,0,0,0,212,0,0,0,0,1,0,0,0,0,0,0,0,40,1,210,9,85,42,5,0,13,2,4,0
28,0,1,False,1,24,1,0,0,0,0,212,0,0,0,0,0,1,0,0,0,0,0,0,34,1,210,9,91,46,6,0,13,2,4,0
29,0,1,False,1,25,0,0,0,0,0,212,0,0,0,0,0,0,0,0,0,0,0,0,31,1,208,11,94,51,6,0,13,2,4,0
30,0,1,False,1,25,0,0,0,0,0,204,0,0,8,0,0,0,0,0,0,0,0,0,32,1,208,11,95,53,7,0,13,2,4,0
31,0,1,False,1,25,0,0,0,0,0,204,0,0,0,8,0,0,0,0,0,0,0,0,31,1,204,15,99,54,8,0,13,2,4,0
32,0,1,False,1,25,0,0,0,0,0,204,0,0,0,0,8,0,0,0,0,0,0,0,28,1,204,15,105,55,9,0,13,2,4,0
33,0,1,False,1,25,0,0,0,0,0,204,0,0,0,0,0,8,0,0,0,0,0,0,28,1,199,20,108,57,9,0,13,2,4,0
34,0,1,False,1,24,1,0,0,0,0,204,0,0,0,0,0,0,0,0,0,0,0,0,31,1,200,19,108,59,9,0,13,2,4,0
35,0,1,False,1,24,1,0,0,0,0,204,0,0,0,0,0,0,0,0,0,0,0,0,25,1,200,19,112,66,9,0,13,2,4,0
36,0,1,False,1,24,1,0,0,0,0,210,0,0,0,0,0,0,0,0,0,0,0,0,24,1,202,17,114,70,9,0,13,2,4,0
37,0,1,False,1,24,1,0,0,0,0,210,0,0,0,0,0,0,0,0,0,0,0,0,24,1,201,18,117,72,9,0,13,2,4,0
38,0,1,False,1,24,0,1,0,0,0,211,0,0,0,0,0,0,0,0,0,0,0,0,26,1,201,18,117,75,9,0,13,2,4,0
39,0,1,False,1,24,0,0,1,0,0,211,0,0,0,0,0,0,0,0,0,0,0,0,28,1,201,18,119,76,9,0,13,2,4,0
40,0,1,False,1,24,0,0,0,1,0,211,0,0,0,0,0,0,0,0,0,0,0,0,27,1,201,18,124,77,9,0,13,2,4,0
41,0,1,False,1,24,0,0,0,0,1,211,0,0,0,0,0,0,0,0,0,0,0,0,28,1,203,16,126,79,9,0,13,2,4,0
42,0,1,False,1,24,0,0,0,1,0,211,0,0,0,0,0,0,0,0,0,0,0,0,27,1,204,15,130,81,9,0,13,2,4,0
43,0,1,False,1,24,0,0,0,1,0,211,0,0,0,0,0,0,0,0,0,0,0,0,26,1,204,15,131,86,9,0,13,2,4,0
44,0,1,False,1,24,0,0,0,0,1,211,0,0,0,0,0,0,0,0,0,0,0,0,27,1,207,12,132,89,9,0,13,2,4,0
45,0,1,False,1,24,0,0,0,1,0,211,0,0,0,0,0,0,0,0,0,0,0,0,25,1,206,13,136,92,9,0,13,2,4,0
46,0,1,False,1,24,0,0,0,1,0,211,0,0,0,0,0,0,0,0,0,0,0,0,27,1,207,12,138,93,9,0,13,2,4,0
47,0,1,False,1,24,0,0,0,1,0,211,0,0,0,0,0,0,0,0,0,0,0,0,29,1,207,12,138,96,9,0,13,2,4,0
48,0,1,False,1,24,0,0,0,1,0,211,0,0,0,0,0,0,0,0,0,0,0,0,30,1,209,10,141,97,9,0,13,2,4,0
49,0,1,False,1,24,0,0,0,1,0,211,0,0,0,0,0,0,0,0,0,0,0,0,34,1,210,9,141,98,9,0,13,2,4,0
50,0,1,False,1,24,0,0,0,1,0,211,0,0,0,0,0,0,0,0,0,0,0,0,35,1,211,8,141,102,9,0,13,2,4,0
51,0,1,False,1,24,0,0,0,1,0,211,0,0,0,0,0,0,0,0,0,0,0,0,36,1,209,10,142,105,9,0,13,2,4,0
52,0,1,False,1,24,0,0,0,0,1,212,0,0,0,0,0,0,0,0,0,0,0,0,37,1,208,11,143,108,9,0,13,2,4,0
53,0,1,False,1,24,0,0,0,0,1,212,0,0,0,0,0,0,0,0,0,0,0,0,36,1,209,10,146,111,9,0,13,2,4,0
54,0,1,False,1,24,0,0,0,0,1,212,0,0,0,0,0,0,0,0,0,0,0,0,38,1,208,11,146,113,10,0,13,2,4,0
55,0,1,False,1,24,0,0,0,0,1,213,0,0,0,0,0,0,0,0,0,0,0,0,38,1,209,10,148,116,10,0,13,2,4,0
56,0,1,False,1,24,0,0,0,0,1,213,0,0,0,0,0,0,0,0,0,0,0,0,38,1,209,10,150,119,10,0,13,2,4,0
57,0,1,False,1,24,0,0,0,0,1,213,0,0,0,0,0,0,0,0,0,0,0,0,41,1,209,10,151,120,10,0,13,2,4,0
58,0,1,False,1,24,0,0,0,1,0,213,0,0,0,0,0,0,0,0,0,0,0,0,39,1,209,10,152,126,10,0,13,2,4,0
59,0,1,False,1,24,0,0,0,1,0,213,0,0,0,0,0,0,0,0,0,0,0,0,41,1,209,10,152,129,10,0,13,2,4,0
60,0,1,False,1,24,0,0,0,1,0,212,0,0,1,0,0,0,0,0,0,0,0,0,43,1,209,10,153,131,10,0,13,2,4,0
61,0,1,False,1,24,0,0,1,0,0,207,0,0,6,1,0,0,0,0,0,0,0,0,39,1,205,14,158,134,11,0,13,2,4,0
62,0,1,False,1,24,0,1,0,0,0,209,0,0,0,6,1,0,0,0,0,0,0,0,36,1,206,13,163,137,11,0,13,2,4,0
63,0,1,False,1,24,1,0,0,0,0,209,0,0,0,0,6,1,0,0,0,0,0,0,35,1,202,17,167,139,11,0,13,2,4,0
64,0,1,False,1,24,1,0,0,0,0,210,0,0,0,0,0,6,0,0,0,0,0,0,37,1,202,17,168,141,11,0,13,2,4,0
65,0,1,False,1,25,0,0,0,0,0,212,0,0,0,0,0,0,0,0,0,0,0,0,35,1,201,18,172,143,12,0,13,2,4,0
66,0,1,False,1,25,0,0,0,0,0,212,0,0,0,0,0,0,0,0,0,0,0,0,34,1,201,18,175,146,12,0,13,2,4,0
67,0,1,False,1,25,0,0,0,0,0,212,0,0,0,0,0,0,0,0,0,0,0,0,38,1,202,17,176,146,12,0,13,2,4,0
68,0,1,False,1,25,0,0,0,0,0,212,0,0,0,0,0,0,0,0,0,0,0,0,38,1,202,17,178,149,12,0,13,2,4,0
69,0,1,False,1,25,0,0,0,0,0,212,0,0,0,0,0,0,0,0,0,0,0,0,39,1,202,17,181,150,12,0,13,2,4,0
70,0,1,False,1,25,0,0,0,0,0,212,0,0,0,0,0,0,0,0,0,0,0,0,38,1,202,17,184,153,12,0,13,2,4,0
71,0,1,False,1,25,0,0,0,0,0,212,0,0,0,0,0,0,0,0,0,0,0,0,37,1,201,18,189,154,12,0,13,2,4,0
72,0,1,False,1,25,0,0,0,0,0,212,0,0,0,0,0,0,0,0,0,0,0,0,39,1,199,20,192,154,12,0,13,2,4,0
73,0,1,False,1,25,0,0,0,0,0,213,0,0,0,0,0,0,0,0,0,0,0,0,38,1,199,20,193,158,13,0,13,2,4,0
74,0,1,False,1,25,0,0,0,0,0,219,0,0,0,0,0,0,0,0,0,0,0,0,35,1,199,20,195,164,13,0,13,2,4,0
75,0,1,False,1,25,0,0,0,0,0,219,0,0,0,0,0,0,0,0,0,0,0,0,37,1,199,20,197,165,13,0,13,2,4,0
76,0,1,False,1,25,0,0,0,0,0,219,0,0,0,0,0,0,0,0,0,0,0,0,35,1,201,18,200,169,13,0,13,2,4,0
77,0,1,False,1,25,0,0,0,0,0,219,0,0,0,0,0,0,0,0,0,0,0,0,38,1,201,18,201,170,13,0,13,2,4,0
78,0,1,False,1,25,0,0,0,0,0,219,0,0,0,0,0,0,0,0,0,0,0,0,38,1,204,15,203,173,13,0,13,2,4,0
79,0,1,False,1,25,0,0,0,0,0,219,0,0,0,0,0,0,0,0,0,0,0,0,38,1,204,15,206,175,13,0,13,2,4,0
80,0,1,False,1,25,0,0,0,0,0,219,0,0,0,0,0,0,0,0,0,0,0,0,42,1,204,15,207,175,13,0,13,2,4,0
81,0,1,False,1,25,0,0,0,0,0,219,0,0,0,0,0,0,0,0,0,0,0,0,44,1,206,13,208,177,13,0,13,2,4,0
82,0,1,False,1,25,0,0,0,0,0,219,0,0,0,0,0,0,0,0,0,0,0,0,47,1,206,13,208,179,13,0,13,2,4,0
83,0,1,False,1,25,0,0,0,0,0,219,0,0,0,0,0,0,0,0,0,0,0,0,49,1,207,12,208,182,13,0,13,2,4,0
84,0,1,False,1,25,0,0,0,0,0,219,0,0,0,0,0,0,0,0,0,0,0,0,50,1,207,12,208,186,13,0,13,2,4,0
85,0,1,False,1,25,0,0,0,0,0,219,0,0,0,0,0,0,0,0,0,0,0,0,51,1,207,12,208,190,13,0,13,2,4,0
86,0,1,False,1,25,0,0,0,0,0,219,0,0,0,0,0,0,0,0,0,0,0,0,50,1,211,8,208,196,13,0,13,2,4,0
87,0,1,False,1,25,0,0,0,0,0,219,0,0,0,0,0,0,0,0,0,0,0,0,53,1,213,6,208,198,13,0,13,2,4,0
88,0,1,False,1,25,0,0,0,0,0,219,0,0,0,0,0,0,0,0,0,0,0,0,54,1,219,0,208,202,13,0,13,2,4,0
89,0,1,False,1,25,0,0,0,0,0,218,0,0,1,0,0,0,0,0,0,0,0,0,57,1,219,0,208,204,13,0,13,2,4,0
90,0,1,False,1,25,0,0,0,0,0,218,0,0,0,1,0,0,0,0,0,0,0,0,60,1,219,0,208,206,13,0,13,2,4,0
91,0,1,False,1,25,0,0,0,0,0,200,0,0,18,0,1,0,0,0,0,0,0,0,58,1,219,0,208,211,15,0,13,2,4,0
92,0,1,False,1,25,0,0,0,0,0,199,0,0,1,18,0,1,0,0,0,0,0,0,54,1,219,0,209,218,16,0,13,2,4,0
93,0,1,False,1,25,0,0,0,0,0,199,0,0,0,1,18,0,0,0,0,0,0,0,54,1,214,5,210,222,16,0,13,2,4,0
94,0,1,False,1,25,0,0,0,0,0,199,0,0,0,0,1,18,0,0,0,0,0,0,51,1,213,6,213,227,16,0,13,2,4,0
95,0,1,False,1,25,0,0,0,0,0,150,0,0,49,0,0,1,0,0,0,0,0,0,50,0,210,9,213,230,19,0,13,2,5,0
96,0,1,False,1,24,1,0,0,0,0,150,0,0,0,49,0,0,0,0,0,0,0,0,47,0,207,12,217,232,21,0,13,2,5,0
97,0,1,False,1,21,4,0,0,0,0,150,0,0,0,0,49,0,0,0,0,0,0,0,46,0,205,14,221,233,22,0,13,2,5,0
98,0,1,False,1,19,4,2,0,0,0,150,0,0,0,0,0,49,0,0,0,0,0,0,42,0,204,15,228,234,24,0,13,2,5,0
99,0,1,False,1,18,4,1,2,0,0,150,0,0,0,0,0,0,0,0,0,0,0,0,43,0,203,16,232,234,26,0,14,2,5,0
100,0,1,False,1,18,1,4,1,1,0,150,0,0,0,0,0,0,0,0,0,0,0,0,44,0,203,16,236,234,29,0,15,2,6,0
101,0,1,False,1,18,1,2,3,0,1,150,0,0,0,0,0,0,0,0,0,0,0,0,41,0,203,16,241,240,30,0,16,3,7,0
102,0,1,False,1,18,0,3,0,4,0,141,0,0,9,0,0,0,0,0,0,0,0,0,42,0,203,16,243,243,34,0,18,3,9,0
103,0,1,False,1,18,0,1,2,0,4,141,0,0,0,9,0,0,0,0,0,0,0,0,41,0,199,20,251,246,35,0,20,4,10,0
104,0,1,False,1,18,0,0,1,3,3,136,0,0,7,0,9,0,0,0,0,0,0,0,37,0,198,21,257,251,41,0,23,7,10,0
105,0,1,False,1,18,0,0,0,3,4,132,0,0,4,7,0,9,0,0,0,0,0,0,37,0,196,23,263,254,45,0,24,7,15,0
106,0,1,False,1,18,0,0,0,4,3,131,0,0,1,4,7,0,0,0,0,0,0,0,36,0,194,25,271,259,47,0,27,7,18,0
107,0,1,False,1,18,0,0,0,4,3,128,0,0,3,1,4,7,0,0,0,0,0,0,33,0,194,25,279,261,53,0,28,8,22,0
108,0,1,False,1,17,1,0,0,5,2,128,0,1,0,3,1,4,0,0,0,0,0,0,31,0,192,27,284,265,59,0,30,8,26,0
109,0,1,False,1,17,0,1,0,5,2,127,0,7,2,0,3,1,0,0,0,0,0,0,32,0,193,26,291,268,63,0,32,9,30,0
110,0,1,False,1,17,0,0,1,4,3,115,0,4,19,2,0,3,0,0,0,0,0,0,33,0,193,26,298,270,68,0,34,9,35,0
111,0,1,False,1,17,0,0,0,3,5,104,0,7,15,19,2,0,0,0,0,0,0,0,31,0,193,26,305,273,76,0,37,9,40,0
112,0,1,False,1,17,0,0,0,4,4,100,0,4,11,15,19,2,0,0,0,0,0,0,33,0,194,25,310,274,85,0,39,9,47,0
113,0,1,False,1,17,0,0,0,3,5,97,0,1,7,11,15,19,0,0,0,0,0,0,35,0,196,23,317,276,90,0,41,9,53,0
114,0,1,False,1,17,0,0,0,4,4,97,0,1,1,7,11,15,0,0,0,0,0,0,33,0,195,24,329,277,96,0,42,10,60,0
115,0,1,False,1,16,1,0,0,4,4,94,0,6,4,1,7,11,0,0,0,0,0,0,32,0,194,25,333,279,107,0,42,10,68,0
116,0,1,False,1,16,1,0,0,4,4,92,0,12,8,4,1,7,0,0,0,0,0,0,34,0,195,24,338,279,118,0,44,11,75,0
117,0,1,False,1,16,1,0,0,1,7,90,0,12,14,8,4,1,0,0,0,0,0,0,32,0,195,24,349,281,125,0,50,12,78,0
118,0,1,False,1,16,1,0,0,3,5,61,0,7,41,14,8,4,0,0,0,0,0,0,31,0,192,27,358,281,136,0,52,12,86,0
119,0,1,False,1,16,0,1,0,5,3,60,0,2,8,41,14,8,0,0,0,0,0,0,29,0,190,29,366,284,145,0,54,15,91,0
120,0,1,False,1,16,0,0,1,5,3,58,0,1,4,8,41,14,0,0,0,0,0,0,25,0,187,32,379,287,151,0,57,15,98,0
121,0,1,False,1,15,1,0,1,4,4,58,0,0,1,4,8,41,0,0,0,0,0,0,23,0,189,30,389,289,159,0,61,16,103,0
122,0,1,False,1,14,2,0,0,4,5,58,0,2,0,1,4,8,0,0,0,0,0,0,23,0,191,28,394,289,175,0,63,16,113,0
123,0,1,False,1,13,1,2,0,6,3,57,0,3,3,0,1,4,0,0,0,0,0,0,23,0,190,29,402,291,189,0,66,18,122,0
124,0,1,False,1,13,1,1,1,1,8,57,0,3,3,3,0,1,0,0,0,0,0,0,23,0,191,28,416,292,200,0,72,18,131,0
125,0,1,False,1,13,1,1,1,6,3,57,0,5,3,3,3,0,0,0,0,0,0,0,23,0,187,32,431,293,212,0,75,18,145,0
126,0,1,False,1,13,1,1,0,5,5,57,0,6,5,3,3,3,0,0,0,0,0,0,25,0,188,31,442,293,225,0,76,18,160,0
127,0,1,False,1,13,0,2,0,8,2,57,0,3,6,5,3,3,0,0,0,0,0,0,26,0,187,32,453,295,239,0,86,18,167,0
128,0,1,False,1,13,0,0,2,7,3,57,0,0,3,6,5,3,0,0,0,0,0,0,26,0,186,33,463,298,253,0,94,18,175,0
129,0,1,False,1,13,0,0,0,7,5,57,0,0,0,3,6,5,0,0,0,0,0,0,24,0,187,32,477,300,267,0,100,18,186,0
130,0,1,False,1,13,0,0,1,5,6,57,0,0,0,0,3,6,0,0,0,0,0,0,25,0,188,31,491,302,280,0,108,20,194,0
131,0,1,False,1,13,0,0,0,9,3,57,0,5,0,0,0,3,0,0,0,0,0,0,26,0,187,32,501,305,296,0,115,22,203,0
132,0,1,False,1,13,0,0,0,3,9,57,0,9,5,0,0,0,0,0,0,0,0,0,25,0,187,32,516,310,306,0,125,24,209,0
133,0,1,False,1,13,0,0,0,4,8,57,0,5,9,5,0,0,0,0,0,0,0,0,21,0,188,31,532,316,320,0,133,26,219,0
134,0,1,False,1,13,0,0,0,7,5,58,0,0,5,9,5,0,0,0,0,0,0,0,20,0,189,30,551,318,331,0,138,28,231,0
135,0,1,False,1,13,0,0,0,6,6,58,0,0,0,5,9,5,0,0,0,0,0,0,20,0,187,32,566,318,346,0,147,28,240,0
136,0,1,False,1,13,0,0,0,6,6,58,0,0,0,0,5,9,0,0,0,0,0,0,20,0,186,33,583,319,358,0,149,30,255,0
137,0,1,False,1,13,0,0,0,7,5,58,0,0,0,0,0,5,0,0,0,0,0,0,20,0,183,36,594,324,372,0,154,32,267,0
138,0,1,False,1,13,0,0,0,5,7,58,0,0,0,0,0,0,0,0,0,0,0,0,20,0,183,36,611,325,384,0,165,33,273,0
139,0,1,False,1,13,0,0,0,8,4,59,0,0,0,0,0,0,0,0,0,0,0,0,21,0,184,35,625,326,399,0,172,35,283,0
140,0,1,False,1,13,0,0,0,8,4,60,0,0,0,0,0,0,0,0,0,0,0,0,21,0,182,37,634,327,418,0,175,37,296,0
141,0,1,False,1,13,0,0,0,10,2,58,0,9,2,0,0,0,0,0,0,0,0,0,21,0,181,38,639,333,436,0,180,38,308,0
142,0,1,False,1,13,0,0,0,9,3,59,0,0,9,2,0,0,0,0,0,0,0,0,20,0,180,39,650,334,453,0,190,39,314,0
143,0,1,False,1,13,0,0,0,4,8,60,0,0,0,9,2,0,0,0,0,0,0,0,19,0,180,39,662,336,469,0,199,39,323,0
144,0,1,False,1,13,0,0,0,8,4,60,0,0,0,0,9,2,0,0,0,0,0,0,18,0,179,40,674,340,485,0,204,41,335,0
145,0,1,False,1,13,0,0,0,4,8,60,0,0,0,0,0,9,0,0,0,0,0,0,18,0,179,40,683,344,501,0,209,41,348,0
146,0,1,False,1,13,0,0,0,6,6,61,0,5,0,0,0,0,0,0,0,0,0,0,17,0,178,41,700,344,516,0,215,43,359,0
147,0,1,False,1,13,0,0,0,5,7,62,0,0,5,0,0,0,0,0,0,0,0,0,17,0,178,41,710,349,531,0,219,44,373,0
148,0,1,False,1,13,0,0,0,5,7,62,0,20,0,5,0,0,0,0,0,0,0,0,17,0,178,41,724,353,544,0,226,45,384,0
149,0,1,False,1,13,0,0,0,6,6,62,0,0,20,0,5,0,0,0,0,0,0,0,17,0,180,39,736,355,561,0,235,45,394,0
150,0,1,False,1,13,0,0,0,5,7,63,0,0,0,20,0,5,0,0,0,0,0,0,17,0,180,39,750,358,574,0,241,48,404,0
151,0,1,False,1,13,0,0,0,6,6,63,0,0,0,0,20,0,0,0,0,0,0,0,17,0,181,38,766,358,589,0,244,48,420,0
152,0,1,False,1,13,0,0,0,4,8,63,0,0,0,0,0,20,0,0,0,0,0,0,18,0,181,38,783,359,600,0,253,48,430,0
153,0,1,False,1,13,0,0,0,6,6,63,0,0,0,0,0,0,0,0,0,0,0,0,17,0,182,37,799,362,613,0,264,48,438,0
154,0,1,False,1,13,0,0,0,4,8,63,0,5,0,0,0,0,0,0,0,0,0,0,17,0,181,38,807,365,632,0,271,49,449,0
155,0,1,False,1,13,0,0,0,7,5,63,0,14,5,0,0,0,0,0,0,0,0,0,17,0,181,38,823,365,647,0,280,49,459,0
156,0,1,False,1,13,0,0,0,8,4,63,0,7,14,5,0,0,0,0,0,0,0,0,18,0,180,39,836,365,663,0,287,50,469,0
157,0,1,False,1,13,0,0,0,5,7,63,0,2,7,14,5,0,0,0,0,0,0,0,18,0,181,38,842,367,684,0,294,52,478,0
158,0,1,False,1,13,0,0,0,7,5,63,0,0,2,7,14,5,0,0,0,0,0,0,18,0,181,38,854,369,701,0,303,53,487,0
159,0,1,False,1,13,0,0,0,4,8,63,0,0,0,2,7,14,0,0,0,0,0,0,19,0,181,38,864,370,719,0,311,54,496,0
160,0,1,False,1,13,0,0,0,8,4,63,0,0,0,0,2,7,0,0,0,0,0,0,19,0,185,34,876,372,736,0,316,56,508,0
161,0,1,False,1,13,0,0,0,7,5,64,0,0,0,0,0,2,0,0,0,0,0,0,20,0,186,33,889,374,749,0,321,57,520,0
162,0,1,False,1,13,0,0,0,6,6,64,0,0,0,0,0,0,0,0,0,0,0,0,20,0,185,34,904,380,758,0,328,58,530,0
163,0,1,False,1,13,0,0,0,2,10,64,0,0,0,0,0,0,0,0,0,0,0,0,20,0,183,36,913,384,775,0,338,59,538,0
164,0,1,False,1,13,0,0,0,3,9,64,0,2,0,0,0,0,0,0,0,0,0,0,22,0,184,35,922,387,793,0,348,60,547,0
165,0,1,False,1,13,0,0,0,8,4,63,0,2,3,0,0,0,0,0,0,0,0,0,22,0,184,35,931,392,811,0,356,61,558,0
166,0,1,False,1,13,0,0,0,6,6,63,0,3,2,3,0,0,0,0,0,0,0,0,21,0,185,34,943,394,827,0,363,63,567,0
167,0,1,False,1,13,0,0,0,5,7,63,0,2,3,2,3,0,0,0,0,0,0,0,21,0,182,37,955,396,843,0,368,64,580,0
168,0,1,False,1,13,0,0,0,4,8,63,0,3,2,3,2,3,0,0,0,0,0,0,20,0,181,38,963,397,866,0,377,64,590,0
169,0,1,False,1,13,0,0,0,6,6,63,0,2,3,2,3,2,0,0,0,0,0,0,20,0,181,38,973,398,886,0,386,66,598,0
170,0,1,False,1,13,0,0,0,5,7,64,0,2,2,3,2,3,0,0,0,0,0,0,20,0,181,38,984,399,904,0,391,67,611,0
171,0,1,False,1,13,0,0,0,7,5,64,0,3,2,2,3,2,0,0,0,0,0,0,20,0,180,39,995,402,921,0,396,70,622,0
172,0,1,False,1,13,0,0,0,10,2,64,0,1,3,2,2,3,0,0,0,0,0,0,20,0,180,39,1004,403,941,0,400,74,632,0
173,0,1,False,1,13,0,0,0,6,6,65,0,3,1,3,2,2,0,0,0,0,0,0,18,0,180,39,1016,405,957,0,409,75,639,0
174,0,1,False,1,13,0,0,1,4,7,65,0,0,3,1,3,2,0,0,0,0,0,0,19,0,180,39,1030,407,970,0,416,75,651,0
175,0,1,False,1,13,0,0,0,9,3,65,0,0,0,3,1,3,0,0,0,0,0,0,19,0,180,39,1042,407,988,0,424,76,661,0
176,0,1,False,1,13,0,0,0,6,6,65,0,0,0,0,3,1,0,0,0,0,0,0,19,0,179,40,1056,408,1002,0,427,78,674,0
177,0,1,False,1,13,0,0,0,8,4,65,0,0,0,0,0,3,0,0,0,0,0,0,19,0,179,40,1075,408,1013,0,433,81,684,0
178,0,1,False,1,13,0,0,0,7,5,66,0,0,0,0,0,0,0,0,0,0,0,0,20,0,178,41,1084,411,1029,0,438,83,695,0
179,0,1,False,1,13,0,0,0,5,7,66,0,0,0,0,0,0,0,0,0,0,0,0,19,0,178,41,1093,414,1048,0,441,83,710,0
180,0,1,False,1,13,0,0,0,6,6,66,0,0,0,0,0,0,0,0,0,0,0,0,21,0,178,41,1108,416,1060,0,446,83,724,0
181,0,1,False,1,13,0,0,1,4,7,66,0,13,0,0,0,0,0,0,0,0,0,0,21,0,180,39,1121,418,1075,0,453,86,733,0
182,0,1,False,1,13,0,0,1,7,4,66,0,11,13,0,0,0,0,0,0,0,0,0,21,0,181,38,1129,422,1093,0,457,87,747,0
183,0,1,False,1,13,0,0,1,5,6,66,0,8,11,13,0,0,0,0,0,0,0,0,21,0,181,38,1143,423,1107,0,464,87,758,0
184,0,1,False,1,13,0,0,1,7,4,65,0,10,9,11,13,0,0,0,0,0,0,0,22,0,181,38,1157,426,1119,0,473,88,766,0
185,0,1,False,1,13,0,1,0,5,6,66,0,4,10,9,11,13,0,0,0,0,0,0,19,0,180,39,1174,431,1129,0,479,90,776,0
186,0,1,False,1,13,0,1,0,6,5,66,0,7,4,10,9,11,0,0,0,0,0,0,21,0,182,37,1182,432,1147,0,487,90,786,0
187,0,1,False,1,13,0,1,0,6,5,68,0,3,7,4,10,9,0,0,0,0,0,0,22,0,182,37,1191,434,1164,0,492,91,798,0
188,0,1,False,1,13,0,0,1,7,4,66,0,12,6,7,4,10,0,0,0,0,0,0,21,0,182,37,1205,437,1177,0,498,92,809,0
189,0,1,False,1,13,0,1,0,3,8,66,0,0,12,6,7,4,0,0,0,0,0,0,20,0,181,38,1213,439,1197,0,502,92,823,0
190,0,1,False,1,13,0,1,0,6,5,66,0,0,0,12,6,7,0,0,0,0,0,0,20,0,181,38,1225,441,1213,0,510,93,833,0
191,0,1,False,1,13,0,1,0,6,5,67,0,0,0,0,12,6,0,0,0,0,0,0,20,0,181,38,1233,442,1233,0,516,94,844,0
192,0,1,False,1,13,1,0,0,3,8,67,0,0,0,0,0,12,0,0,0,0,0,0,20,0,182,37,1248,445,1244,0,522,95,855,0
193,0,1,False,1,14,0,0,0,6,5,69,0,3,0,0,0,0,0,0,0,0,0,0,20,0,181,38,1255,449,1263,0,527,97,866,0
194,0,1,False,1,14,0,0,0,5,6,69,0,4,3,0,0,0,0,0,0,0,0,0,19,0,181,38,1265,450,1279,0,529,98,879,0
195,0,1,False,1,14,0,0,0,4,7,69,0,5,4,3,0,0,0,0,0,0,0,0,19,0,182,37,1274,451,1296,0,534,99,889,0
196,0,1,False,1,14,0,0,0,8,3,70,0,8,5,4,3,0,0,0,0,0,0,0,19,0,184,35,1284,452,1312,0,538,100,900,0
197,0,1,False,1,14,0,0,0,4,7,70,0,8,8,5,4,3,0,0,0,0,0,0,19,0,185,34,1295,453,1325,0,544,102,907,0
198,0,1,False,1,14,0,0,0,5,6,70,0,10,8,8,5,4,0,0,0,0,0,0,18,0,187,32,1303,456,1342,0,549,102,918,0
199,0,1,False,1,14,0,0,0,8,3,70,0,9,10,8,8,5,0,0,0,0,0,0,17,0,186,33,1308,456,1365,0,556,102,927,0
200,0,1,False,1,14,0,0,0,7,4,70,0,5,9,10,8,8,0,0,0,0,0,0,16,0,183,36,1314,458,1383,0,562,103,935,0
201,0,1,False,1,14,0,0,0,6,5,69,0,8,6,9,10,8,0,0,0,0,0,0,17,0,182,37,1322,460,1398,0,566,104,945,0
202,0,1,False,1,14,0,0,1,7,3,69,0,6,8,6,9,10,0,0,0,0,0,0,18,0,183,36,1333,460,1412,0,573,106,952,0
203,0,1,False,1,14,0,1,1,6,3,69,0,8,7,8,6,9,0,0,0,0,0,0,19,0,183,36,1343,460,1426,0,579,106,961,0
204,0,1,False,1,14,0,1,0,5,5,69,0,7,8,7,8,6,0,0,0,0,0,0,20,0,183,36,1352,462,1438,0,582,106,972,0
205,0,1,False,1,14,1,0,0,6,4,71,0,1,7,8,7,8,0,0,0,0,0,0,21,0,183,36,1359,463,1454,0,591,106,978,0
206,0,1,False,1,15,0,0,0,5,5,73,0,0,1,7,8,7,0,0,0,0,0,0,20,0,183,36,1369,463,1469,0,597,106,986,0
207,0,1,False,1,15,0,0,0,6,4,76,0,0,0,1,7,8,0,0,0,0,0,0,20,0,183,36,1377,463,1484,0,602,106,994,0
208,0,1,False,1,15,0,0,0,8,2,76,0,0,0,0,1,7,0,0,0,0,0,0,20,0,183,36,1387,463,1496,0,603,106,1006,0
209,0,1,False,1,15,0,0,0,6,4,76,0,0,0,0,0,1,0,0,0,0,0,0,20,0,183,36,1399,464,1504,0,605,107,1015,0
210,0,1,False,1,15,0,0,0,4,6,76,0,5,0,0,0,0,0,0,0,0,0,0,20,0,184,35,1405,465,1519,0,607,107,1026,0
211,0,1,False,1,15,0,0,0,4,6,76,0,11,5,0,0,0,0,0,0,0,0,0,19,0,184,35,1411,465,1537,0,611,107,1035,0
212,0,1,False,1,15,0,0,0,4,6,76,0,12,11,5,0,0,0,0,0,0,0,0,18,0,184,35,1422,466,1549,0,615,107,1044,0
213,0,1,False,1,15,0,0,0,5,5,76,0,3,12,11,5,0,0,0,0,0,0,0,18,0,183,36,1426,468,1566,0,616,108,1055,0
214,0,1,False,1,15,0,0,0,4,6,77,0,5,3,12,11,5,0,0,0,0,0,0,18,0,182,37,1437,469,1577,0,620,109,1063,0
215,0,1,False,1,15,0,0,0,6,4,77,0,4,5,3,12,11,0,0,0,0,0,0,18,0,182,37,1446,471,1589,0,625,110,1070,0
216,0,1,False,1,15,0,0,0,3,7,77,0,5,4,5,3,12,0,0,0,0,0,0,18,0,184,35,1454,471,1603,0,631,110,1077,0
217,0,1,False,1,15,0,0,0,5,5,78,0,3,5,4,5,3,0,0,0,0,0,0,18,0,184,35,1462,474,1615,0,635,110,1087,0
218,0,1,False,1,15,0,0,0,5,5,78,0,1,3,5,4,5,0,0,0,0,0,0,17,0,184,35,1471,475,1629,0,639,110,1096,0
219,0,1,False,1,15,0,0,0,6,4,78,0,6,1,3,5,4,0,0,0,0,0,0,18,0,185,34,1479,479,1639,0,643,112,1103,0
220,0,1,False,1,15,0,0,0,4,6,78,0,1,6,1,3,5,0,0,0,0,0,0,20,0,187,32,1487,480,1650,0,652,113,1106,0
221,0,1,False,1,15,0,0,0,3,7,78,0,0,1,6,1,3,0,0,0,0,0,0,21,0,188,31,1494,483,1662,0,657,116,1111,0
222,0,1,False,1,15,0,0,0,4,6,78,0,2,0,1,6,1,0,0,0,0,0,0,21,0,185,34,1500,487,1675,0,661,119,1118,0
223,0,1,False,1,15,0,0,0,6,4,79,0,0,2,0,1,6,0,0,0,0,0,0,22,0,185,34,1505,493,1686,0,662,122,1127,0
224,0,1,False,1,15,0,0,0,6,4,79,0,0,0,2,0,1,0,0,0,0,0,0,23,0,183,36,1511,497,1697,0,666,123,1135,0
225,0,1,False,1,15,0,0,0,4,6,79,0,0,0,0,2,0,0,0,0,0,0,0,23,0,184,35,1522,497,1708,0,674,125,1138,0
226,0,1,False,1,15,0,0,0,3,7,80,0,0,0,0,0,2,0,0,0,0,0,0,23,0,181,38,1530,500,1720,0,677,127,1146,0
227,0,1,False,1,15,0,0,0,3,7,80,0,0,0,0,0,0,0,0,0,0,0,0,25,0,182,37,1536,503,1732,0,682,128,1154,0
228,0,1,False,1,15,0,0,0,6,4,81,0,0,0,0,0,0,0,0,0,0,0,0,27,0,181,38,1542,506,1744,0,689,130,1159,0
229,0,1,False,1,15,0,0,0,6,4,81,0,0,0,0,0,0,0,0,0,0,0,0,27,0,183,36,1550,509,1755,0,692,134,1165,0
230,0,1,False,1,15,0,0,0,3,7,81,0,0,0,0,0,0,0,0,0,0,0,0,29,0,182,37,1553,511,1770,0,695,137,1172,0
231,0,1,False,1,15,0,0,0,5,5,81,0,0,0,0,0,0,0,0,0,0,0,0,30,0,183,36,1559,513,1784,0,699,138,1181,0
232,0,1,False,1,15,0,0,0,7,3,81,0,0,0,0,0,0,0,0,0,0,0,0,30,0,183,36,1566,516,1797,0,705,140,1186,0
233,0,1,False,1,15,0,0,0,4,6,81,0,0,0,0,0,0,0,0,0,0,0,0,32,0,183,36,1568,522,1809,0,711,140,1192,0
234,0,1,False,1,15,0,0,0,6,4,81,0,0,0,0,0,0,0,0,0,0,0,0,34,0,184,35,1577,523,1820,0,713,142,1201,0
235,0,1,False,1,15,0,0,0,4,6,81,0,0,0,0,0,0,0,0,0,0,0,0,33,0,184,35,1586,526,1831,0,718,142,1209,0
236,0,1,False,1,15,0,0,0,3,7,81,0,0,0,0,0,0,0,0,0,0,0,0,33,0,184,35,1595,531,1840,0,723,144,1215,0
237,0,1,False,1,15,0,0,0,6,4,81,0,0,0,0,0,0,0,0,0,0,0,0,37,0,185,34,1601,532,1852,0,727,144,1225,0
238,0,1,False,1,15,0,0,0,8,2,80,0,0,2,0,0,0,0,0,0,0,0,0,38,0,183,36,1608,535,1863,0,731,144,1234,0
239,0,1,False,1,15,0,0,0,5,5,80,0,0,0,2,0,0,0,0,0,0,0,0,39,0,182,37,1613,536,1877,0,732,144,1245,0
240,0,1,False,1,15,0,0,0,7,3,80,0,0,0,0,2,0,0,0,0,0,0,0,41,0,181,38,1614,539,1894,0,733,145,1256,0
241,0,1,False,1,15,0,0,0,1,9,80,0,6,0,0,0,2,0,0,0,0,0,0,41,0,181,38,1622,541,1906,0,734,146,1266,0
242,0,1,False,1,15,0,0,0,4,6,78,0,27,8,0,0,0,0,0,0,0,0,0,40,0,180,39,1635,546,1913,0,738,148,1274,0
243,0,1,False,1,15,0,0,0,3,7,79,0,16,27,8,0,0,0,0,0,0,0,0,42,0,181,38,1641,551,1923,0,741,148,1284,0
244,0,1,False,1,15,0,0,0,3,7,79,0,1,16,27,8,0,0,0,0,0,0,0,40,0,180,39,1651,553,1936,0,742,150,1295,0
245,0,1,False,1,15,0,0,0,4,6,79,0,1,1,16,27,8,0,0,0,0,0,0,36,0,179,40,1662,556,1949,0,743,151,1307,0
246,0,1,False,1,15,0,0,0,6,4,79,0,6,1,1,16,27,0,0,0,0,0,0,34,0,180,39,1677,557,1958,0,747,153,1314,0
247,0,1,False,1,15,0,0,0,4,6,79,0,3,6,1,1,16,0,0,0,0,0,0,30,0,178,41,1686,558,1974,0,749,154,1324,0
248,0,1,False,1,15,0,0,0,4,6,79,0,0,3,6,1,1,0,0,0,0,0,0,33,0,178,41,1691,558,1989,0,754,155,1331,0
249,0,1,False,1,15,0,0,0,8,2,79,0,0,0,3,6,1,0,0,0,0,0,0,30,0,178,41,1705,560,1999,0,760,155,1338,0
250,0,1,False,1,15,0,0,0,4,6,79,0,0,0,0,3,6,0,0,0,0,0,0,29,0,177,42,1713,561,2012,0,765,157,1343,0
251,0,1,False,1,15,0,0,0,7,3,81,0,0,0,0,0,3,0,0,0,0,0,0,29,0,178,41,1719,561,2029,0,768,159,1351,0
252,0,1,False,1,15,0,0,0,3,7,81,0,0,0,0,0,0,0,0,0,0,0,0,32,0,177,42,1724,563,2041,0,770,159,1361,0
253,0,1,False,1,15,0,0,0,4,6,81,0,0,0,0,0,0,0,0,0,0,0,0,32,0,175,44,1732,565,2054,0,775,159,1370,0
254,0,1,False,1,15,0,0,0,4,6,81,0,0,0,0,0,0,0,0,0,0,0,0,31,0,178,41,1741,566,2068,0,778,160,1379,0
255,0,1,False,1,15,0,0,0,4,6,81,0,0,0,0,0,0,0,0,0,0,0,0,29,0,177,42,1748,569,2083,0,782,161,1387,0
256,0,1,False,1,15,0,0,0,2,8,81,0,0,0,0,0,0,0,0,0,0,0,0,29,0,178,41,1752,570,2101,0,784,162,1397,0
257,0,1,False,1,15,0,0,0,5,5,81,0,7,0,0,0,0,0,0,0,0,0,0,31,0,179,40,1760,572,2113,0,789,162,1406,0
258,0,1,False,1,15,0,0,0,5,5,81,0,0,7,0,0,0,0,0,0,0,0,0,33,0,182,37,1764,576,2126,0,793,162,1415,0
259,0,1,False,1,15,0,0,0,6,4,81,0,0,0,7,0,0,0,0,0,0,0,0,34,0,182,37,1769,579,2140,0,797,163,1423,0
260,0,1,False,1,15,0,0,0,6,4,81,0,21,0,0,7,0,0,0,0,0,0,0,33,0,182,37,1779,581,2151,0,800,164,1432,0
261,0,1,False,1,15,0,0,0,8,2,81,0,0,21,0,0,7,0,0,0,0,0,0,35,0,181,38,1787,584,2160,0,801,164,1444,0
262,0,1,False,1,15,0,0,0,7,3,81,0,0,0,21,0,0,0,0,0,0,0,0,35,0,181,38,1790,587,2175,0,806,164,1451,0
263,0,1,False,1,15,0,0,0,8,2,81,0,0,0,0,21,0,0,0,0,0,0,0,34,0,184,35,1805,589,2181,0,810,168,1455,0
264,0,1,False,1,15,0,0,0,6,4,81,0,0,0,0,0,21,0,0,0,0,0,0,34,0,183,36,1813,589,2194,0,813,171,1461,0
265,0,1,False,1,15,0,0,0,5,5,82,0,0,0,0,0,0,0,0,0,0,0,0,35,0,181,38,1820,591,2206,0,817,171,1470,0
266,0,1,False,1,15,0,0,0,4,6,83,0,0,0,0,0,0,0,0,0,0,0,0,35,0,180,39,1826,594,2220,0,822,172,1477,0
267,0,1,False,1,15,0,0,0,5,5,83,0,0,0,0,0,0,0,0,0,0,0,0,37,0,179,40,1829,596,2236,0,824,174,1486,0
268,0,1,False,1,15,0,0,0,7,3,82,0,0,1,0,0,0,0,0,0,0,0,0,38,0,179,40,1834,599,2250,0,829,175,1493,0
269,0,1,False,1,15,0,0,0,3,7,82,0,0,0,1,0,0,0,0,0,0,0,0,41,0,175,44,1837,602,2263,0,831,176,1502,0
270,0,1,False,1,15,0,0,0,5,5,82,0,0,0,0,1,0,0,0,0,0,0,0,41,0,174,45,1847,606,2272,0,835,179,1509,0
271,0,1,False,1,15,0,0,0,4,6,82,0,0,0,0,0,1,0,0,0,0,0,0,41,0,172,47,1854,610,2284,0,837,180,1519,0
272,0,1,False,1,15,0,0,0,6,4,82,0,0,0,0,0,0,0,0,0,0,0,0,40,0,172,47,1861,613,2298,0,846,181,1522,0
273,0,1,False,1,15,0,0,0,6,4,82,0,0,0,0,0,0,0,0,0,0,0,0,41,0,172,47,1871,614,2308,0,850,181,1531,0
274,0,1,False,1,15,0,0,0,7,3,82,0,0,0,0,0,0,0,0,0,0,0,0,44,0,173,46,1873,616,2323,0,854,181,1540,0
275,0,1,False,1,15,0,0,0,4,6,83,0,0,0,0,0,0,0,0,0,0,0,0,44,0,174,45,1875,618,2341,0,856,182,1549,0
276,0,1,False,1,15,0,0,1,5,4,83,0,0,0,0,0,0,0,0,0,0,0,0,43,0,173,46,1887,623,2348,0,859,182,1559,0
277,0,1,False,1,15,0,1,0,4,5,83,0,0,0,0,0,0,0,0,0,0,0,0,43,0,173,46,1893,627,2360,0,862,186,1564,0
278,0,1,False,1,15,1,0,0,5,4,83,0,0,0,0,0,0,0,0,0,0,0,0,44,0,174,45,1898,628,2375,0,864,187,1573,0
279,0,1,False,1,16,0,0,0,2,7,83,0,0,0,0,0,0,0,0,0,0,0,0,45,0,173,46,1906,632,2383,0,868,189,1579,0
280,0,1,False,1,16,0,0,0,2,7,83,0,0,0,0,0,0,0,0,0,0,0,0,44,0,173,46,1914,635,2393,0,869,190,1588,0
281,0,1,False,1,16,0,0,0,2,7,84,0,0,0,0,0,0,0,0,0,0,0,0,45,0,172,47,1917,637,2407,0,872,190,1596,0
282,0,1,False,1,16,0,0,0,3,6,84,0,0,0,0,0,0,0,0,0,0,0,0,47,0,172,47,1921,638,2420,0,876,190,1603,0
283,0,1,False,1,16,0,0,0,4,5,84,0,0,0,0,0,0,0,0,0,0,0,0,50,0,172,47,1925,639,2432,0,876,191,1613,0
284,0,1,False,1,16,0,0,0,5,4,85,0,0,0,0,0,0,0,0,0,0,0,0,52,0,175,44,1928,640,2445,0,880,193,1618,0
285,0,1,False,1,16,0,0,0,5,4,86,0,0,0,0,0,0,0,0,0,0,0,0,52,0,177,42,1931,643,2458,0,885,194,1622,0
286,0,1,False,1,16,0,0,0,7,2,86,0,0,0,0,0,0,0,0,0,0,0,0,52,0,181,38,1938,645,2468,0,889,194,1628,0
287,0,1,False,1,16,0,0,0,4,5,86,0,0,0,0,0,0,0,0,0,0,0,0,54,0,179,40,1945,646,2476,0,894,194,1633,0
288,0,1,False,1,16,0,0,0,6,3,86,0,0,0,0,0,0,0,0,0,0,0,0,54,0,181,38,1948,650,2488,0,897,194,1641,0
289,0,1,False,1,16,0,0,0,6,3,86,0,0,0,0,0,0,0,0,0,0,0,0,53,0,178,41,1957,652,2497,0,899,195,1648,0
290,0,1,False,1,16,0,0,0,5,4,86,0,0,0,0,0,0,0,0,0,0,0,0,54,0,178,41,1964,654,2506,0,900,195,1657,0
291,0,1,False,1,16,0,0,0,6,3,85,0,0,1,0,0,0,0,0,0,0,0,0,55,0,179,40,1971,657,2514,0,902,196,1664,0
292,0,1,False,1,16,0,0,0,4,5,82,0,0,3,1,0,0,0,0,0,0,0,0,52,0,179,40,1975,661,2528,0,904,196,1672,0
293,0,1,False,1,16,0,0,0,5,4,82,0,0,0,3,1,0,0,0,0,0,0,0,53,0,179,40,1979,663,2540,0,906,196,1681,0
294,0,1,False,1,16,0,0,0,6,3,82,0,0,0,0,3,1,0,0,0,0,0,0,50,0,178,41,1989,664,2551,0,908,197,1688,0
295,0,1,False,1,16,0,0,0,4,5,82,0,0,0,0,0,3,0,0,0,0,0,0,46,0,178,41,1997,664,2566,0,909,199,1695,0
296,0,1,False,1,16,0,0,0,4,5,83,0,0,0,0,0,0,0,0,0,0,0,0,44,0,177,42,2004,665,2579,0,909,202,1703,0
297,0,1,False,1,16,0,0,0,5,4,83,0,0,0,0,0,0,0,0,0,0,0,0,41,0,178,41,2015,665,2590,0,913,203,1709,0
298,0,1,False,1,16,0,0,0,4,5,83,0,0,0,0,0,0,0,0,0,0,0,0,38,0,179,40,2022,666,2604,0,917,203,1715,0
299,0,1,False,1,16,0,0,0,6,3,83,0,0,0,0,0,0,0,0,0,0,0,0,35,0,177,42,2030,670,2614,0,919,203,1724,0
300,0,1,False,1,16,0,0,0,1,8,83,0,0,0,0,0,0,0,0,0,0,0,0,33,0,178,41,2038,671,2626,0,921,204,1731,0
301,0,1,False,1,16,0,0,0,3,6,83,0,0,0,0,0,0,0,0,0,0,0,0,33,0,177,42,2045,671,2639,0,922,204,1741,0
302,0,1,False,1,16,0,0,0,5,4,83,0,0,0,0,0,0,0,0,0,0,0,0,27,0,177,42,2059,672,2650,0,923,204,1751,0
303,0,1,False,1,16,0,0,0,2,7,83,0,0,0,0,0,0,0,0,0,0,0,0,25,0,178,41,2066,676,2660,0,925,204,1759,0
304,0,1,False,1,16,0,0,0,4,5,85,0,0,0,0,0,0,0,0,0,0,0,0,25,0,179,40,2074,676,2672,0,928,204,1767,0
305,0,1,False,1,16,0,0,0,7,2,88,0,0,0,0,0,0,0,0,0,0,0,0,25,0,178,41,2082,678,2681,0,932,205,1773,0
306,0,1,False,1,16,0,0,0,2,7,88,0,0,0,0,0,0,0,0,0,0,0,0,24,0,178,41,2090,678,2692,0,933,205,1782,0
307,0,1,False,1,16,0,0,0,5,4,88,0,0,0,0,0,0,0,0,0,0,0,0,24,0,178,41,2096,680,2704,0,934,207,1790,0
308,0,1,False,1,16,0,0,0,6,3,88,0,0,0,0,0,0,0,0,0,0,0,0,23,0,179,40,2102,681,2717,0,936,209,1796,0
309,0,1,False,1,16,0,0,0,3,6,88,0,0,0,0,0,0,0,0,0,0,0,0,24,0,178,41,2105,681,2732,0,938,211,1802,0
310,0,1,False,1,16,0,0,0,3,6,88,0,0,0,0,0,0,0,0,0,0,0,0,26,0,178,41,2111,682,2743,0,940,213,1809,0
311,0,1,False,1,16,0,0,0,7,2,88,0,0,0,0,0,0,0,0,0,0,0,0,29,0,179,40,2116,685,2752,0,944,213,1816,0
312,0,1,False,1,16,0,0,0,6,3,88,0,0,0,0,0,0,0,0,0,0,0,0,30,0,179,40,2120,689,2761,0,949,214,1820,0
313,0,1,False,1,16,0,0,0,6,3,88,0,0,0,0,0,0,0,0,0,0,0,0,33,0,179,40,2123,690,2773,0,952,214,1827,0
314,0,1,False,1,16,0,0,0,6,3,88,0,0,0,0,0,0,0,0,0,0,0,0,36,0,178,41,2127,693,2782,0,953,215,1835,0
315,0,1,False,1,16,0,0,0,6,3,89,0,0,0,0,0,0,0,0,0,0,0,0,37,0,180,39,2132,695,2793,0,959,215,1839,0
316,0,1,False,1,16,0,0,0,4,5,89,0,0,0,0,0,0,0,0,0,0,0,0,40,0,182,37,2132,695,2809,0,960,218,1845,0
317,0,1,False,1,16,0,0,0,4,5,89,0,0,0,0,0,0,0,0,0,0,0,0,40,0,184,35,2137,699,2819,0,961,223,1850,0
318,0,1,False,1,16,0,0,0,5,4,89,0,15,2,0,0,0,0,0,0,0,0,0,42,0,185,34,2142,702,2828,0,962,224,1859,0
319,0,1,False,1,16,0,0,0,4,5,89,0,11,15,2,0,0,0,0,0,0,0,0,42,0,185,34,2146,705,2840,0,965,225,1865,0
320,0,1,False,1,16,0,0,0,3,6,89,0,7,11,15,2,0,0,0,0,0,0,0,44,0,187,32,2152,706,2850,0,967,226,1873,0
321,0,1,False,1,16,0,0,0,6,3,89,0,10,7,11,15,2,0,0,0,0,0,0,46,0,187,32,2160,706,2860,0,967,228,1882,0
322,0,1,False,1,16,0,0,0,4,5,89,0,0,10,7,11,15,0,0,0,0,0,0,46,0,186,33,2166,710,2869,0,968,231,1888,0
323,0,1,False,1,16,0,0,0,1,8,89,0,2,0,10,7,11,0,0,0,0,0,0,48,0,184,35,2170,711,2881,0,971,233,1894,0
324,0,1,False,1,16,0,0,0,4,5,89,0,3,3,0,10,7,0,0,0,0,0,0,48,0,183,36,2176,712,2894,0,973,233,1903,0
325,0,1,False,1,15,1,0,0,5,4,91,0,0,3,3,0,10,0,0,0,0,0,0,49,0,184,35,2184,713,2903,0,973,233,1914,0
326,0,1,False,1,15,0,1,0,6,3,92,0,2,0,3,3,0,0,0,0,0,0,0,51,0,185,34,2191,715,2913,0,974,233,1925,0
327,0,1,False,1,15,0,1,0,4,5,92,0,2,2,0,3,3,0,0,0,0,0,0,54,0,187,32,2192,715,2930,0,976,233,1935,0
328,0,1,False,1,15,0,1,0,4,5,91,0,1,3,2,0,3,0,0,0,0,0,0,54,0,188,31,2198,718,2943,0,978,236,1942,0
329,0,1,False,1,15,0,1,0,4,5,90,0,1,2,3,2,0,0,0,0,0,0,0,55,0,186,33,2202,721,2957,0,981,237,1950,0
330,0,1,False,1,15,0,1,0,4,5,90,0,1,1,2,3,2,0,0,0,0,0,0,57,0,184,35,2208,723,2969,0,984,238,1958,0
331,0,1,False,1,15,0,1,0,1,8,90,0,1,1,1,2,3,0,0,0,0,0,0,59,0,184,35,2213,726,2981,0,986,239,1967,0
332,0,1,False,1,15,0,0,1,5,4,90,0,3,1,1,1,2,0,0,0,0,0,0,60,0,187,32,2218,728,2996,0,990,241,1974,0
333,0,1,False,1,15,0,0,0,4,6,90,0,1,3,1,1,1,0,0,0,0,0,0,60,0,187,32,2224,730,3010,0,994,241,1982,0
334,0,1,False,1,15,0,0,0,4,6,90,0,0,1,3,1,1,0,0,0,0,0,0,61,0,191,28,2227,731,3028,0,997,243,1990,0
335,0,1,False,1,15,0,0,0,4,6,90,0,0,0,1,3,1,0,0,0,0,0,0,63,0,191,28,2233,733,3041,0,1001,243,1999,0
336,0,1,False,1,15,0,0,0,4,6,90,0,0,0,0,1,3,0,0,0,0,0,0,58,0,192,27,2244,737,3054,0,1002,245,2009,0
337,0,1,False,1,15,0,0,0,7,3,91,0,0,0,0,0,1,0,0,0,0,0,0,54,0,192,27,2257,739,3066,0,1005,247,2017,0
338,0,1,False,1,12,3,0,0,4,6,90,0,9,1,0,0,0,0,0,0,0,0,0,54,0,193,26,2264,740,3080,0,1009,248,2024,0
339,0,1,False,1,12,1,2,0,4,6,90,0,3,9,1,0,0,0,0,0,0,0,0,52,0,191,28,2274,744,3098,0,1014,248,2037,0
340,0,1,False,1,12,0,2,1,4,6,89,0,10,4,9,1,0,0,0,0,0,0,0,50,0,191,28,2293,747,3109,0,1019,251,2048,0
341,0,1,False,1,12,0,1,1,7,4,88,0,8,11,4,9,1,0,0,0,0,0,0,51,0,192,27,2304,749,3127,0,1027,252,2059,0
342,0,1,False,1,12,0,0,1,8,4,88,0,7,9,11,4,9,0,0,0,0,0,0,50,0,192,27,2318,751,3144,0,1035,255,2068,0
343,0,1,False,1,12,0,0,1,5,7,84,0,28,11,9,11,4,0,0,0,0,0,0,51,0,192,27,2326,754,3165,0,1040,257,2082,0
344,0,1,False,1,12,0,0,0,4,9,84,0,13,28,11,9,11,0,0,0,0,0,0,53,0,193,26,2334,757,3186,0,1043,257,2101,0
345,0,1,False,1,12,0,0,0,8,5,75,0,14,22,28,11,9,0,0,0,0,0,0,53,0,189,30,2347,761,3205,0,1049,260,2115,0
346,0,1,False,1,12,0,0,0,7,6,47,0,14,42,22,28,11,0,0,0,0,0,0,54,0,190,29,2357,764,3225,0,1060,261,2124,0
347,0,1,False,1,12,0,0,0,9,4,32,0,10,29,42,22,28,0,0,0,0,0,0,54,0,191,28,2370,765,3245,0,1070,263,2134,0
348,0,1,False,1,12,0,0,0,6,7,27,0,2,15,29,42,22,0,0,0,0,0,0,55,0,189,30,2380,768,3264,0,1074,263,2151,0
349,0,1,False,1,12,0,0,0,10,3,23,0,2,6,15,29,42,0,0,0,0,0,0,58,0,189,30,2389,771,3284,0,1082,264,2164,0
350,0,1,False,1,12,0,0,0,8,5,23,0,0,2,6,15,29,0,0,0,0,0,0,61,0,190,29,2399,772,3303,0,1086,265,2180,0
351,0,1,False,1,12,0,0,0,7,6,23,0,0,0,2,6,15,0,0,0,0,0,0,61,0,191,28,2411,774,3323,0,1089,266,2197,0
352,0,1,False,1,12,0,0,0,4,9,19,0,0,4,0,2,6,0,0,0,0,0,0,63,0,190,29,2416,774,3350,0,1096,266,2212,0
353,0,1,False,1,12,0,0,0,8,5,19,0,0,0,4,0,2,0,0,0,0,0,0,64,0,189,30,2422,774,3379,0,1101,266,2230,0
354,0,1,False,1,12,0,0,0,5,8,19,0,2,0,0,4,0,0,0,0,0,0,0,65,0,191,28,2433,774,3401,0,1104,266,2248,0
355,0,1,False,1,12,0,0,0,4,9,19,0,0,2,0,0,4,0,0,0,0,0,0,66,0,194,25,2437,776,3430,0,1107,267,2267,0
356,0,1,False,1,12,0,0,0,4,9,19,0,1,0,2,0,0,0,0,0,0,0,0,68,0,193,26,2445,776,3456,0,1110,267,2287,0
357,0,1,False,1,12,0,0,0,7,6,19,0,15,1,0,2,0,0,0,0,0,0,0,69,0,193,26,2451,778,3483,0,1116,267,2304,0
358,0,1,False,1,12,0,0,0,6,7,19,0,2,15,1,0,2,0,0,0,0,0,0,71,0,195,24,2454,778,3512,0,1117,267,2325,0
359,0,1,False,1,12,0,0,0,6,7,19,0,4,2,15,1,0,0,0,0,0,0,0,74,0,195,24,2457,779,3540,0,1122,267,2342,0
360,0,1,False,1,12,0,0,0,6,7,17,0,1,6,2,15,1,0,0,0,0,0,0,76,0,195,24,2465,780,3564,0,1129,268,2356,0
361,0,1,False,1,12,0,0,0,7,6,17,0,1,1,6,2,15,0,0,0,0,0,0,74,0,194,25,2474,780,3592,0,1131,268,2376,0
362,0,1,False,1,12,0,0,0,8,5,17,0,4,1,1,6,2,0,0,0,0,0,0,77,0,193,26,2482,780,3615,0,1137,269,2391,0
363,0,1,False,1,12,0,0,0,5,8,15,0,11,6,1,1,6,0,0,0,0,0,0,80,0,195,24,2489,780,3639,0,1142,269,2407,0
364,0,1,False,1,12,0,0,0,6,7,15,0,3,11,6,1,1,0,0,0,0,0,0,82,0,195,24,2500,782,3660,0,1153,270,2418,0
365,0,1,False,1,12,0,0,0,5,8,15,0,1,3,11,6,1,0,0,0,0,0,0,81,0,195,24,2515,782,3681,0,1162,270,2431,0
366,0,1,False,1,12,0,0,0,6,7,15,0,1,1,3,11,6,0,0,0,0,0,0,80,0,192,27,2527,783,3705,0,1171,270,2445,0
367,0,1,False,1,12,0,0,0,2,11,15,0,4,1,1,3,11,0,0,0,0,0,0,73,0,193,26,2546,783,3728,0,1180,270,2458,0
368,0,1,False,1,12,0,0,0,5,8,15,0,14,4,1,1,3,0,0,0,0,0,0,72,0,192,27,2560,784,3751,0,1185,270,2477,0
369,0,1,False,1,12,0,0,0,8,5,15,0,10,14,4,1,1,0,0,0,0,0,0,68,0,192,27,2569,784,3782,0,1194,271,2490,0
370,0,1,False,1,12,0,0,0,5,8,15,0,1,10,14,4,1,0,0,0,0,0,0,67,0,192,27,2580,784,3806,0,1197,272,2507,0
371,0,1,False,1,12,0,0,0,6,7,15,0,8,1,10,14,4,0,0,0,0,0,0,65,0,191,28,2590,784,3834,0,1203,274,2522,0
372,0,1,False,1,12,0,0,0,4,9,15,0,2,8,1,10,14,0,0,0,0,0,0,65,0,189,30,2602,784,3857,0,1207,276,2538,0
373,0,1,False,1,12,0,0,0,4,9,17,0,0,2,8,1,10,0,0,0,0,0,0,62,0,189,30,2615,784,3883,0,1210,277,2557,0
374,0,1,False,1,12,0,0,0,6,7,17,0,5,0,2,8,1,0,0,0,0,0,0,62,0,190,29,2626,785,3907,0,1215,277,2575,0
375,0,1,False,1,12,0,0,0,6,7,17,0,1,5,0,2,8,0,0,0,0,0,0,61,0,190,29,2634,786,3934,0,1219,277,2593,0
376,0,1,False,1,12,0,0,0,7,6,17,0,8,1,5,0,2,0,0,0,0,0,0,62,0,191,28,2641,787,3960,0,1222,277,2612,0
377,0,1,False,1,12,0,0,0,5,8,17,0,11,8,1,5,0,0,0,0,0,0,0,62,0,190,29,2654,790,3978,0,1231,278,2624,0
378,0,1,False,1,12,0,0,0,9,4,17,0,4,11,8,1,5,0,0,0,0,0,0,64,0,189,30,2660,791,4005,0,1236,278,2642,0
379,0,1,False,1,12,0,0,0,9,4,17,0,0,4,11,8,1,0,0,0,0,0,0,63,0,186,33,2670,791,4029,0,1241,278,2658,0
380,0,1,False,1,12,0,0,0,9,4,17,0,0,0,4,11,8,0,0,0,0,0,0,63,0,185,34,2677,791,4055,0,1250,278,2670,0
381,0,1,False,1,12,0,0,0,2,11,17,0,0,0,0,4,11,0,0,0,0,0,0,65,0,188,31,2683,791,4080,0,1255,278,2686,0
382,0,1,False,1,12,0,0,0,6,7,16,0,24,1,0,0,4,0,0,0,0,0,0,65,0,189,30,2691,792,4108,0,1258,278,2707,0
383,0,1,False,1,12,0,0,0,5,8,17,0,6,24,1,0,0,0,0,0,0,0,0,65,0,190,29,2697,792,4137,0,1262,278,2725,0
384,0,1,False,1,12,0,0,0,4,9,17,0,0,6,24,1,0,0,0,0,0,0,0,66,0,191,28,2700,794,4167,0,1263,278,2747,0
385,0,1,False,1,12,0,0,0,7,6,17,0,0,0,6,24,1,0,0,0,0,0,0,64,0,191,28,2716,796,4187,0,1272,278,2761,0
386,0,1,False,1,12,0,0,0,3,10,15,0,18,2,0,6,24,0,0,0,0,0,0,67,0,191,28,2723,796,4211,0,1278,279,2776,0
387,0,1,False,1,12,0,0,0,8,5,15,0,4,18,2,0,6,0,0,0,0,0,0,68,0,191,28,2734,798,4234,0,1285,279,2792,0
388,0,1,False,1,12,0,0,0,7,6,15,0,0,4,18,2,0,0,0,0,0,0,0,71,0,191,28,2740,799,4258,0,1290,279,2808,0
389,0,1,False,1,12,0,0,0,7,6,15,0,4,0,4,18,2,0,0,0,0,0,0,74,0,191,28,2751,800,4277,0,1296,279,2824,0
390,0,1,False,1,12,0,0,0,9,4,15,0,4,4,0,4,18,0,0,0,0,0,0,75,0,191,28,2763,800,4298,0,1301,280,2840,0
391,0,1,False,1,12,0,0,0,5,8,14,0,14,5,4,0,4,0,0,0,0,0,0,75,0,191,28,2770,800,4324,0,1310,280,2852,0
392,0,1,False,1,12,0,0,0,6,7,14,0,0,14,5,4,0,0,0,0,0,0,0,79,0,191,28,2779,800,4347,0,1317,281,2867,0
393,0,1,False,1,12,0,0,0,7,6,14,0,0,0,14,5,4,0,0,0,0,0,0,80,0,189,30,2792,800,4368,0,1327,281,2879,0
394,0,1,False,1,12,0,0,0,5,8,14,0,0,0,0,14,5,0,0,0,0,0,0,75,0,188,31,2808,801,4390,0,1331,282,2896,0
395,0,1,False,1,12,0,0,0,4,9,14,0,1,0,0,0,14,0,0,0,0,0,0,72,0,188,31,2818,802,4418,0,1335,282,2915,0
396,0,1,False,1,12,0,0,0,6,7,14,0,0,1,0,0,0,0,0,0,0,0,0,65,0,190,29,2832,803,4446,0,1335,282,2938,0
397,0,1,False,1,12,0,0,0,5,8,14,0,0,0,1,0,0,0,0,0,0,0,0,62,0,190,29,2843,803,4473,0,1337,282,2958,0
398,0,1,False,1,12,0,0,0,6,7,13,0,17,1,0,1,0,0,0,0,0,0,0,60,0,190,29,2849,804,4504,0,1342,284,2974,0
399,0,1,False,1,12,0,0,0,5,8,9,0,16,22,1,0,1,0,0,0,0,0,0,59,0,190,29,2859,804,4530,0,1347,284,2991,0
400,0,1,False,1,12,0,0,0,7,6,8,0,6,17,22,1,0,0,0,0,0,0,0,60,0,188,31,2863,804,4561,0,1353,285,3007,0
401,0,1,False,1,12,0,0,0,4,9,7,0,7,7,17,22,1,0,0,0,0,0,0,58,0,190,29,2873,804,4587,0,1362,285,3020,0
402,0,1,False,1,12,0,0,0,5,8,7,0,5,7,7,17,22,0,0,0,0,0,0,58,0,190,29,2882,804,4614,0,1366,285,3039,0
403,0,1,False,1,12,0,0,0,7,6,7,0,8,5,7,7,17,0,0,0,0,0,0,61,0,191,28,2890,804,4639,0,1370,285,3058,0
404,0,1,False,1,12,0,0,0,8,5,6,0,22,10,5,7,7,0,0,0,0,0,0,64,0,192,27,2899,804,4661,0,1375,285,3075,0
405,0,1,False,1,12,0,0,0,7,6,6,0,18,22,10,5,7,0,0,0,0,0,0,64,0,192,27,2910,804,4684,0,1379,285,3092,0
406,0,1,False,1,12,0,0,0,10,3,5,0,3,19,22,10,5,0,0,0,0,0,0,67,0,193,26,2919,804,4706,0,1382,285,3111,0
407,0,1,False,1,12,0,0,0,7,6,5,0,1,3,19,22,10,0,0,0,0,0,0,67,0,193,26,2924,804,4734,0,1384,286,3129,0
408,0,1,False,1,12,0,0,0,4,9,5,0,3,1,3,19,22,0,0,0,0,0,0,70,0,194,25,2932,804,4757,0,1392,286,3143,0
409,0,1,False,1,12,0,0,0,7,6,5,0,18,3,1,3,19,0,0,0,0,0,0,70,0,196,23,2939,805,4785,0,1394,286,3164,0
410,0,1,False,1,12,0,0,0,4,9,5,0,4,18,3,1,3,0,0,0,0,0,0,70,0,197,22,2948,805,4810,0,1398,287,3181,0
411,0,1,False,1,12,0,0,0,7,6,5,0,5,4,18,3,1,0,0,0,0,0,0,71,0,195,24,2956,805,4837,0,1402,287,3200,0
412,0,1,False,1,12,0,0,0,7,6,4,0,14,6,4,18,3,0,0,0,0,0,0,71,0,194,25,2963,806,4863,0,1406,287,3218,0
413,0,1,False,1,12,0,0,0,9,4,3,0,6,15,6,4,18,0,0,0,0,0,0,72,0,195,24,2967,806,4892,0,1408,287,3238,0
414,0,1,False,1,12,0,0,0,4,9,3,0,5,6,15,6,4,0,0,0,0,0,0,75,0,197,22,2977,806,4912,0,1413,287,3254,0
415,0,1,False,1,12,0,0,0,5,8,3,0,8,5,6,15,6,0,0,0,0,0,0,75,0,198,21,2980,806,4945,0,1418,287,3272,0
416,0,1,False,1,12,0,0,0,8,5,3,0,0,8,5,6,15,0,0,0,0,0,0,77,0,198,21,2987,806,4972,0,1423,287,3290,0
417,0,1,False,1,12,0,0,0,7,6,3,0,0,0,8,5,6,0,0,0,0,0,0,78,0,198,21,2993,806,4999,0,1426,287,3308,0
418,0,1,False,1,12,0,0,0,7,6,3,0,16,0,0,8,5,0,0,0,0,0,0,79,0,197,22,3010,806,5015,0,1429,287,3327,0
419,0,1,False,1,12,0,0,0,7,6,3,0,31,16,0,0,8,0,0,0,0,0,0,80,0,197,22,3022,806,5036,0,1432,287,3346,0
420,0,1,False,1,12,0,0,0,6,7,3,0,16,31,16,0,0,0,0,0,0,0,0,79,0,198,21,3028,806,5065,0,1439,287,3361,0
421,0,1,False,1,12,0,0,0,7,6,3,0,13,16,31,16,0,0,0,0,0,0,0,80,0,199,20,3033,806,5094,0,1444,287,3378,0
422,0,1,False,1,12,0,0,0,5,8,3,0,15,13,16,31,16,0,0,0,0,0,0,82,0,199,20,3039,806,5120,0,1451,287,3393,0
423,0,1,False,1,12,0,0,0,7,6,2,0,8,16,13,16,31,0,0,0,0,0,0,81,0,199,20,3044,806,5152,0,1454,287,3413,0
424,0,1,False,1,12,0,0,0,7,6,2,0,6,8,16,13,16,0,0,0,0,0,0,83,0,197,22,3055,807,5172,0,1459,287,3430,0
425,0,1,False,1,12,0,0,0,6,7,2,0,6,6,8,16,13,0,0,0,0,0,0,86,0,197,22,3063,807,5195,0,1465,287,3446,0
426,0,1,False,1,12,0,0,0,8,5,2,0,24,6,6,8,16,0,0,0,0,0,0,86,0,198,21,3074,807,5219,0,1467,287,3466,0
427,0,1,False,1,12,0,0,0,6,7,3,0,29,24,6,6,8,0,0,0,0,0,0,85,0,198,21,3084,807,5244,0,1473,287,3481,0
428,0,1,False,1,12,0,0,0,7,6,3,0,13,29,24,6,6,0,0,0,0,0,0,84,0,199,20,3092,807,5272,0,1477,287,3499,0
429,0,1,False,1,12,0,0,0,10,3,3,0,7,13,29,24,6,0,0,0,0,0,0,86,0,198,21,3098,807,5298,0,1481,287,3517,0
430,0,1,False,1,12,0,0,0,5,8,4,0,4,7,13,29,24,0,0,0,0,0,0,89,0,196,23,3103,807,5323,0,1485,287,3534,0
431,0,1,False,1,12,0,0,0,8,5,4,0,4,4,7,13,29,0,0,0,0,0,0,91,0,195,24,3112,807,5348,0,1488,287,3554,0
432,0,1,False,1,12,0,0,0,6,7,4,0,15,4,4,7,13,0,0,0,0,0,0,89,0,195,24,3120,808,5375,0,1490,287,3573,0
433,0,1,False,1,12,0,0,0,4,9,3,0,16,16,4,4,7,0,0,0,0,0,0,90,0,196,23,3126,808,5403,0,1491,287,3594,0
434,0,1,False,1,12,0,0,0,5,8,3,0,16,16,16,4,4,0,0,0,0,0,0,92,0,196,23,3138,808,5425,0,1493,287,3615,0
435,0,1,False,1,12,0,0,0,5,8,3,0,13,16,16,16,4,0,0,0,0,0,0,88,0,197,22,3147,810,5454,0,1497,287,3634,0
436,0,1,False,1,12,0,0,0,6,7,4,0,23,13,16,16,16,0,0,0,0,0,0,88,0,196,23,3152,810,5485,0,1499,287,3655,0
437,0,1,False,1,12,0,0,0,8,5,4,0,10,23,13,16,16,0,0,0,0,0,0,90,0,196,23,3159,810,5511,0,1503,287,3673,0
438,0,1,False,1,12,0,0,0,5,8,4,0,14,10,23,13,16,0,0,0,0,0,0,92,0,197,22,3166,810,5536,0,1506,287,3691,0
439,0,1,False,1,12,0,0,0,5,8,4,0,5,14,10,23,13,0,0,0,0,0,0,93,0,195,24,3172,810,5565,0,1510,287,3710,0
440,0,1,False,1,12,0,0,0,5,8,5,0,16,5,14,10,23,0,0,0,0,0,0,94,0,196,23,3174,810,5598,0,1518,287,3725,0
441,0,1,False,1,12,0,0,0,8,5,5,0,19,16,5,14,10,0,0,0,0,0,0,95,0,196,23,3186,810,5621,0,1527,287,3739,0
442,0,1,False,1,12,0,0,0,5,8,5,0,5,19,16,5,14,0,0,0,0,0,0,93,0,196,23,3188,812,5653,0,1530,287,3757,0
443,0,1,False,1,12,0,0,0,8,5,5,0,14,5,19,16,5,0,0,0,0,0,0,94,0,196,23,3194,812,5682,0,1533,287,3777,0
444,0,1,False,1,12,0,0,0,5,8,3,0,12,16,5,19,16,0,0,0,0,0,0,93,0,196,23,3202,813,5708,0,1537,287,3794,0
445,0,1,False,1,12,0,0,0,3,10,3,0,7,12,16,5,19,0,0,0,0,0,0,94,0,195,24,3208,814,5736,0,1540,288,3813,0
446,0,1,False,1,12,0,0,0,6,7,3,0,1,7,12,16,5,0,0,0,0,0,0,95,0,195,24,3214,814,5766,0,1547,288,3829,0
447,0,1,False,1,12,0,0,0,6,7,3,0,1,1,7,12,16,0,0,0,0,0,0,95,0,195,24,3219,814,5796,0,1549,288,3849,0
448,0,1,False,1,12,0,0,0,4,9,4,0,2,1,1,7,12,0,0,0,0,0,0,96,0,196,23,3230,814,5819,0,1550,288,3870,0
449,0,1,False,1,12,0,0,0,5,8,4,0,10,2,1,1,7,0,0,0,0,0,0,97,0,196,23,3242,814,5842,0,1553,288,3890,0
450,0,1,False,1,12,0,0,0,7,6,4,0,12,10,2,1,1,0,0,0,0,0,0,98,0,197,22,3248,814,5871,0,1558,288,3908,0
451,0,1,False,1,12,0,0,0,5,8,3,0,5,13,10,2,1,0,0,0,0,0,0,99,0,199,20,3255,814,5897,0,1563,288,3925,0
452,0,1,False,1,12,0,0,0,6,7,3,0,9,5,13,10,2,0,0,0,0,0,0,97,0,198,21,3264,814,5926,0,1567,288,3944,0
453,0,1,False,1,12,0,0,0,6,7,3,0,4,9,5,13,10,0,0,0,0,0,0,99,0,198,21,3270,814,5953,0,1569,288,3964,0
454,0,1,False,1,12,0,0,0,8,5,3,0,6,4,9,5,13,0,0,0,0,0,0,97,0,197,22,3276,814,5984,0,1571,288,3984,0
455,0,1,False,1,12,0,0,0,7,6,3,0,1,6,4,9,5,0,0,0,0,0,0,96,0,197,22,3286,815,6008,0,1573,288,4003,0
456,0,1,False,1,12,0,0,0,9,4,3,0,0,1,6,4,9,0,0,0,0,0,0,98,0,197,22,3293,815,6033,0,1575,288,4023,0
457,0,1,False,1,12,0,0,0,6,7,3,0,6,0,1,6,4,0,0,0,0,0,0,99,0,195,24,3297,815,6061,0,1576,288,4043,0
458,0,1,False,1,12,0,0,0,9,4,3,0,14,6,0,1,6,0,0,0,0,0,0,101,0,195,24,3306,815,6085,0,1581,288,4060,0
459,0,1,False,1,12,0,0,0,6,7,2,0,10,15,6,0,1,0,0,0,0,0,0,100,0,195,24,3315,815,6110,0,1582,288,4080,0
460,0,1,False,1,12,0,0,0,8,5,2,0,9,10,15,6,0,0,0,0,0,0,0,103,0,195,24,3322,815,6135,0,1589,288,4095,0
461,0,1,False,1,12,0,0,0,5,8,2,0,4,9,10,15,6,0,0,0,0,0,0,102,0,196,23,3333,815,6159,0,1595,288,4110,0
462,0,1,False,1,12,0,0,0,10,3,2,0,11,4,9,10,15,0,0,0,0,0,0,104,0,196,23,3341,815,6185,0,1598,288,4130,0
463,0,1,False,1,12,0,0,0,9,4,2,0,10,11,4,9,10,0,0,0,0,0,0,105,0,195,24,3352,816,6205,0,1603,288,4146,0
464,0,1,False,1,12,0,0,0,7,6,3,0,6,10,11,4,9,0,0,0,0,0,0,106,0,195,24,3356,816,6233,0,1605,288,4165,0
465,0,1,False,1,12,0,0,0,10,3,3,0,1,6,10,11,4,0,0,0,0,0,0,109,0,195,24,3363,816,6257,0,1608,288,4184,0
466,0,1,False,1,12,0,0,0,7,6,3,0,3,1,6,10,11,0,0,0,0,0,0,111,0,196,23,3371,816,6280,0,1614,289,4198,0
467,0,1,False,1,12,0,0,0,6,7,3,0,4,3,1,6,10,0,0,0,0,0,0,113,0,197,22,3380,816,6303,0,1620,289,4214,0
468,0,1,False,1,12,0,0,0,7,6,3,0,1,4,3,1,6,0,0,0,0,0,0,115,0,197,22,3385,816,6331,0,1630,289,4226,0
469,0,1,False,1,12,0,0,0,10,3,3,0,19,1,4,3,1,0,0,0,0,0,0,116,0,197,22,3396,816,6353,0,1637,289,4241,0
470,0,1,False,1,12,0,0,0,9,4,4,0,14,19,1,4,3,0,0,0,0,0,0,114,0,198,21,3405,816,6379,0,1639,289,4260,0
471,0,1,False,1,12,0,0,0,7,6,4,0,4,14,19,1,4,0,0,0,0,0,0,114,0,197,22,3414,816,6403,0,1645,289,4275,0
472,0,1,False,1,12,0,0,0,4,9,3,0,9,5,14,19,1,0,0,0,0,0,0,116,0,198,21,3421,816,6428,0,1648,289,4294,0
473,0,1,False,1,12,0,0,0,8,5,3,0,5,9,5,14,19,0,0,0,0,0,0,116,0,196,23,3432,816,6453,0,1650,289,4315,0
474,0,1,False,1,12,0,0,0,6,7,3,0,7,5,9,5,14,0,0,0,0,0,0,119,0,195,24,3437,816,6479,0,1652,289,4334,0
475,0,1,False,1,12,0,0,0,4,9,3,0,5,7,5,9,5,0,0,0,0,0,0,117,0,195,24,3450,816,6503,0,1657,289,4351,0
476,0,1,False,1,12,0,0,0,8,5,2,0,10,6,7,5,9,0,0,0,0,0,0,116,0,193,26,3456,816,6534,0,1662,289,4369,0
477,0,1,False,1,12,0,0,0,5,8,2,0,0,10,6,7,5,0,0,0,0,0,0,116,0,193,26,3462,816,6562,0,1666,289,4386,0
478,0,1,False,1,12,0,0,0,7,6,2,0,0,0,10,6,7,0,0,0,0,0,0,119,0,192,27,3470,816,6587,0,1669,289,4406,0
479,0,1,False,1,12,0,0,0,7,6,2,0,0,0,0,10,6,0,0,0,0,0,0,119,0,192,27,3482,816,6609,0,1670,289,4427,0
480,0,1,False,1,12,0,0,0,8,5,2,0,4,0,0,0,10,0,0,0,0,0,0,118,0,191,28,3493,816,6633,0,1671,289,4448,0
481,0,1,False,1,12,0,0,0,10,3,2,0,7,4,0,0,0,0,0,0,0,0,0,112,0,189,30,3505,816,6661,0,1674,289,4466,0
482,0,1,False,1,12,0,0,0,8,5,2,0,4,7,4,0,0,0,0,0,0,0,0,109,0,190,29,3516,816,6686,0,1679,289,4482,0
483,0,1,False,1,12,0,0,0,6,7,3,0,4,4,7,4,0,0,0,0,0,0,0,103,0,189,30,3535,816,6707,0,1681,290,4500,0
484,0,1,False,1,12,0,0,0,8,5,3,0,1,4,4,7,4,0,0,0,0,0,0,99,0,187,32,3540,817,6740,0,1684,290,4519,0
485,0,1,False,1,12,0,0,0,4,9,4,0,2,1,4,4,7,0,0,0,0,0,0,97,0,186,33,3555,817,6761,0,1689,290,4535,0
486,0,1,False,1,12,0,0,0,6,7,3,0,20,3,1,4,4,0,0,0,0,0,0,98,0,186,33,3565,817,6786,0,1693,290,4554,0
487,0,1,False,1,12,0,0,0,8,5,3,0,13,20,3,1,4,0,0,0,0,0,0,98,0,187,32,3574,817,6812,0,1696,290,4573,0
488,0,1,False,1,12,0,0,0,10,3,3,0,0,13,20,3,1,0,0,0,0,0,0,98,0,187,32,3581,817,6839,0,1700,290,4590,0
489,0,1,False,1,12,0,0,0,10,3,4,0,0,0,13,20,3,0,0,0,0,0,0,97,0,188,31,3588,819,6864,0,1703,290,4608,0
490,0,1,False,1,12,0,0,0,11,2,4,0,15,0,0,13,20,0,0,0,0,0,0,97,0,188,31,3594,819,6891,0,1708,290,4624,0
491,0,1,False,1,12,0,0,0,7,6,5,0,32,16,0,0,13,0,0,0,0,0,0,99,0,187,32,3603,819,6912,0,1711,290,4641,0
492,0,1,False,1,12,0,0,0,5,8,5,0,13,32,16,0,0,0,0,0,0,0,0,101,0,186,33,3608,819,6939,0,1714,290,4660,0
493,0,1,False,1,12,0,0,0,8,5,5,0,23,13,32,16,0,0,0,0,0,0,0,102,0,186,33,3617,819,6965,0,1720,290,4677,0
494,0,1,False,1,12,0,0,0,5,8,5,0,12,23,13,32,16,0,0,0,0,0,0,102,0,185,34,3628,819,6988,0,1726,290,4692,0
495,0,1,False,1,12,0,0,0,6,7,4,0,5,13,23,13,32,0,0,0,0,0,0,105,0,186,33,3640,820,7008,0,1729,290,4712,0
496,0,1,False,1,12,0,0,0,3,10,4,0,7,5,13,23,13,0,0,0,0,0,0,108,0,189,30,3644,820,7036,0,1731,290,4732,0
497,0,1,False,1,12,0,0,0,5,8,4,0,1,7,5,13,23,0,0,0,0,0,0,111,0,189,30,3653,820,7061,0,1735,290,4751,0
498,0,1,False,1,12,0,0,0,6,7,4,0,2,1,7,5,13,0,0,0,0,0,0,112,0,189,30,3663,821,7085,0,1739,291,4769,0
499,0,1,False,1,12,0,0,0,5,8,4,0,5,2,1,7,5,0,0,0,0,0,0,111,0,186,33,3675,821,7109,0,1742,291,4788,0
